<?xml version="1.0" encoding="UTF-8"?>
<?xml-stylesheet type="text/xsl" href="style.xsl"?>
<prices>
  <description>Normaler Tarif</description>
  <price>
    <name>Nachts</name>
    <start>00:00</start>
    <end>08:00</end>
    <cost>1.20</cost>
  </price>
  <price>
    <name>Morgens</name>
    <start>08:00</start>
    <end>12:00</end>
    <cost>1.40</cost>
  </price>
  <price>
    <name>Mittags</name>
    <start>12:00</start>
    <end>18:00</end>
    <cost>1.50</cost>
  </price>
  <price>
    <name>Abends</name>
    <start>18:00</start>
    <end>23:59</end>
    <cost>1.80</cost>
  </price>
</prices>
